<?xml version="1.0" encoding="UTF-8" standalone="yes"?>
<?xml-stylesheet type="text/xsl" href="modx.prosilver.en.xsl"?>
<!--NOTICE: Please open this file in your web browser. If presented with a security warning, you may safely tell it to allow the blocked content.-->
<!--For security purposes, please check: http://www.phpbb.com/mods/ for the latest version of this MOD.\nAlthough MODs are checked before being allowed in the MODs Database there is no guarantee that there are no security problems within the MOD.\nNo support will be given for MODs not found within the MODs Database which can be found at http://www.phpbb.com/mods/-->
<mod xmlns:xsi="http://www.w3.org/2001/XMLSchema-instance" xmlns="https://www.phpbb.com/mods/xml/modx-1.2.6.xsd">
	<header>
		<license><![CDATA[http://opensource.org/licenses/gpl-license.php GNU General Public License v2]]></license>
		<title lang="en"><![CDATA[MapBBCode Russian Translation]]></title>
		<github><![CDATA[https://github.com/Zverik/mapbb-phpbb3]]></github>
		<author-group>
			<author>
				<realname><![CDATA[Ilya Zverev]]></realname>
				<username><![CDATA[Zverik]]></username>
				<email><![CDATA[zverik@textual.ru]]></email>
			</author>
		</author-group>
		<mod-version>0.9.0</mod-version>
		<installation>
			<level>easy</level>
			<time>30</time>
			<target-version>3.0.12</target-version>
		</installation>
		<link-group>
                    <link type="parent" href="../install.xml" lang="en">Main MapBBCode MODX</link>
		</link-group>
	</header>
	<action-group>
		<copy>
			<file from="root/language/ru/mods/info_acp_mapbbcode.php" to="language/ru/mods/info_acp_mapbbcode.php"/>
		</copy>
	</action-group>
</mod>
