<?xml version="1.0" encoding="UTF-8" standalone="yes"?>
<?xml-stylesheet type="text/xsl" href="modx.prosilver.en.xsl"?>
<!--NOTICE: Please open this file in your web browser. If presented with a security warning, you may safely tell it to allow the blocked content.-->
<!--For security purposes, please check: http://www.phpbb.com/mods/ for the latest version of this MOD.\nAlthough MODs are checked before being allowed in the MODs Database there is no guarantee that there are no security problems within the MOD.\nNo support will be given for MODs not found within the MODs Database which can be found at http://www.phpbb.com/mods/-->
<mod xmlns:xsi="http://www.w3.org/2001/XMLSchema-instance" xmlns="https://www.phpbb.com/mods/xml/modx-1.2.6.xsd">
	<header>
		<license><![CDATA[http://opensource.org/licenses/gpl-license.php GNU General Public License v2]]></license>
		<title lang="en"><![CDATA[MapBBCode for SubSilver2]]></title>
		<github><![CDATA[https://github.com/Zverik/mapbb-phpbb3]]></github>
		<author-group>
			<author>
				<realname><![CDATA[Ilya Zverev]]></realname>
				<username><![CDATA[Zverik]]></username>
				<email><![CDATA[zverik@textual.ru]]></email>
			</author>
		</author-group>
		<mod-version>1.0.0</mod-version>
		<installation>
			<level>easy</level>
			<time>180</time>
			<target-version>3.0.12</target-version>
		</installation>
		<link-group>
			<link type="parent" href="../install.xml" lang="en">Main MapBBCode MODX</link>
		</link-group>
	</header>
	<action-group>
		<copy>
			<file from="root/template/mapbbcode_scripts.html" to="styles/subsilver2/template/mapbbcode_scripts.html"/>
		</copy>
		<open src="styles/subsilver2/template/posting_body.html">
			<edit>
				<find><![CDATA[		<table width="100%" cellspacing="0" cellpadding="0" border="0">
		<!-- INCLUDE posting_buttons.html -->]]></find>
				<action type="before-add"><![CDATA[		<div id="mapedit"></div>]]></action>
			</edit>
			<edit>
				<find><![CDATA[			<td class="gensmall">{URL_STATUS}</td>]]></find>
				<action type="after-add"><![CDATA[		</tr>
		<tr>
			<td class="gensmall">{MAP_STATUS}</td>]]></action>
			</edit>
		</open>
		<open src="styles/subsilver2/template/posting_buttons.html">
			<edit>
				<find><![CDATA[			d: '{LA_BBCODE_D_HELP}',]]></find>
				<action type="after-add"><![CDATA[			map: '{LA_BBCODE_MAP_HELP}',]]></action>
			</edit>
			<edit>
				<find><![CDATA[		<!-- IF S_BBCODE_FLASH -->]]></find>
				<action type="before-add"><![CDATA[
		<!-- IF S_MAPS_ALLOWED -->
			<input type="button" class="btnbbcode" accesskey="m" name="addbbcodemap" value="Map" style="text-decoration: underline; width: 40px" onclick="javascript:{EDITOR_WINDOW} ? mapBBcode.editorWindow(document.forms[form_name].elements[text_name]) : mapBBcode.editor('mapedit', document.forms[form_name].elements[text_name]);" onmouseover="helpline('map')" onmouseout="helpline('tip') "/>
		<!-- ENDIF -->]]></action>
			</edit>
		</open>
		<open src="styles/subsilver2/template/overall_header.html">
			<edit>
				<find><![CDATA[</head>]]></find>
				<action type="before-add"><![CDATA[<!-- IF S_MAPBBCODE -->
<!-- INCLUDE mapbbcode_scripts.html -->
<!-- ENDIF -->]]></action>
			</edit>
		</open>
		<open src="styles/subsilver2/template/simple_header.html">
			<edit>
				<find><![CDATA[</head>]]></find>
				<action type="before-add"><![CDATA[<!-- IF S_MAPBBCODE -->
<!-- INCLUDE mapbbcode_scripts.html -->
<!-- ENDIF -->]]></action>
			</edit>
		</open>
	</action-group>
</mod>
